{
	"Override": {
		"REQ_Quest_Installation": "Misc",
		"_SHStartPrompt": "Misc",
		"SkyrimUnbound.*": "Misc",
		"ARTHLALChargenQuest": "Misc",
		"ARTHLALRumorsOfWarQuest": "None",

		"MQ101": "Misc",
		"MQ102": "Misc",

		"TGRDU": "SideQuest",
		"TGRGF": "SideQuest",
		"TGRHC": "SideQuest",
		"TGRBE": "SideQuest",
		"TGRSL": "SideQuest",
		"TGRFO": "SideQuest",
		"TGRNT": "SideQuest",
		"CR0[123456789]": "SideQuest",
		"CR1[014]": "SideQuest",
		"T0[123]": "SideQuest",
		"dunHighGateRuinsQST": "SideQuest",
		"MS06Start": "SideQuest",
		"dunNchuandZelQst": "SideQuest",
		"dunGauldursonQST": "SideQuest",
		"dunHillgrundsTombQST": "SideQuest",
		"dunForelhostQST": "SideQuest",

		"MGR21": "Misc",
		"MGR30": "SideQuest",
		"DBrecurring": "Misc",
		"DLC1RV0[12345]": "SideQuest",
		"DLC1RH0[1234567]": "SideQuest",
		"DLC1RV07": "SideQuest",
		"DLC2TTR[27]": "Misc",
		"DLC2WB01": "Misc",

		"_M_Quest.*CourierLetterLow": "None",
		"_M_Quest.*CourierLetterMed": "None",
		"_M_Quest.*CourierLetterHigh": "SideQuest",
		"_M_Quest.*CourierPotionLow": "None",
		"_M_Quest.*CourierPotionMed": "None",
		"_M_Quest.*CourierPotionHigh": "SideQuest",
		"_M_Quest.*CourierWeaponLow": "None",
		"_M_Quest.*CourierWeaponMed": "None",
		"_M_Quest.*CourierWeaponHigh": "SideQuest",
		"_M_Quest.*GatherInn": "None",
		"_M_Quest.*GatherIngrLow": "None",
		"_M_Quest.*GatherIngrMed": "SideQuest",
		"_M_Quest.*GatherIngrHigh": "ThievesGuild",
		"_M_Quest.*GatherSoulGemLow": "SideQuest",
		"_M_Quest.*GatherSoulGemMed": "ThievesGuild",
		"_M_Quest.*GatherSoulGemHigh": "CompanionQuests",
		"_M_Quest.*GatherOreLow": "None",
		"_M_Quest.*GatherOreMed": "SideQuest",
		"_M_Quest.*GatherOreHigh": "ThievesGuild",
		"_M_Quest.*GatherOreVeryHigh": "CompanionQuests",
		"_M_Quest.*KillAnimal": "SideQuest",
		"_M_Quest.*KillBandit": "ThievesGuild",
		"_M_Quest.*KillGiant": "CompanionQuests",
		"_M_Quest.*KillDragon": "Vampire",
		"_M_Quest.*TrackFugitive": "ThievesGuild",
		"_M_Quest.*TrackThief": "ThievesGuild",
		"_M_Quest.*TrackVampire": "CompanionQuests",
		"_M_Quest.*RetrieveWilderness": "None",
		"_M_Quest.*RetrieveHideout": "SideQuest",
		"_M_Quest.*RetrieveRuins": "CompanionQuests",
		"_M_Quest.*KillForsworn": "CompanionQuests",
		"BQ01": "ThievesGuild",
		"BQ02": "CompanionQuests",
		"BQ03": "CompanionQuests",
		"BQ04": "MainQuest"
	},
	"Condition": {
	},
	"FailFlags": {
		"_M_Quest.*": [105],
		"Freeform.*": [250, 255, 300]
	},
	"CompleteFlags": {
		"_M_Quest.*": [100],
		"BQ0[1234]" : [200],
		"dunGauldursonQST": [255],
		"Freeform.*": [100, 200],
		"FreeformMarkarth[OEJ]": [20],
		"FreeformDragonBridge01": [20, 25],
		"FreeformHighHrothgarA": [20],
		"FreeformWinterholdA": [30],
		"FreeformSkyhavenTempleA": [50]
	}
}