{
	"Ignore": [
		".*3DNPC.*",
		"callenhorker",
		"DLC2Miraak.*",
		"zzzCHMemory.*",
		"Summon.*",
		"EG_CONJ.*",
		"MG05Messenger",
		"DA14Summoned",
		"DA14Sanguine",
		"DA07VoiceMehrunesDagon",
		"EncDremora.*",
		"DLC1nVampireCorruptedShade",
		"JRDumzbtharNPC",
		".*[Tt]emplate.*",
		".*[Dd]ummy.*",
		".*[Tt]est.*",
		"TinyCenturion",
		"DBM_Perk.*",
		"DLC1Lvl.*",
		"VampireHunter.*",
		"VampireWEAssassin.*",
		"VampireSummon.*",
		"Vampire.*HunterTemplate.*",
		"DLC1EncGargoyleSummon2"
	],
	"Unique": [
		".*SlaughterfishGiant.*",
		".*MudcrabGigantic",
		".*GorakTheTrollslayer",
		".*JohnCleese",
		"IDB_AA000XarrianEncUniqueUlik",
		"REQ_Actor_Ulik",
		"AA000XarrianEncUniqueKruul",
		"REQ_Actor_Kruul",
		"IDB_AA000XarrianUniqueThunder",
		"REQ_Actor_Thunder",
		"IDB_AA000XarrianUniqueRagnok",
		"REQ_Actor_Ragnok",
		"dunMS06PotemaSkeleton",
		"IDB_AA000XarrianUniqueSnow",
		"MS06Potema",
		"dunHalldirsBoss",
		"dunKatariahLvlPenitusOculatusLieutenant",
		"DBM_dunWindPassWindcallerSpiderBoss",
		"DLC2dunHorkerIslandEncHorker",
		"VampireVigilantTolan",
		".*Boss.*"
	],
	"Groups": {
		"StopRacism": [ "Argonian", "Breton", "DarkElf", "HighElf", "Imperial", "Khajiit", "Nord", "Orc", "Redguard", "WoodElf" ]
	},
	"Override": {
		"DLC2MiraakRace": 300,
		"SnowElfRace": 75,
		"DLC2AshSpawnRace": 35,
		"AtronachFlameRace": 30,
		"SabreCatSnowyRace": 22,
		"SprigganRace": 18,
		"SkeletonNecroRace": 15,
		"SabreCatRace": 15,
		"FoxRace": 1,
		"ChickenRace": 1,
		"DefaultRace": 1
	}
}